,RunId,iteration,Step,penalty_mul,penalty_max,Dispriviledged_Agents_Proportion,Lifecycle_Diff,Dispriviledged_Agents_Duration
0,0,0,600,1.0,50.0,56.08,-0.11573244128300075,600
1,1,0,600,1.0,100.0,54.72,0.08134071433367751,600
2,2,0,600,1.0,200.0,50.4,-0.11253127153978415,600
3,3,0,600,1.05,50.0,0.0,0.699226235277961,503
4,4,0,600,1.05,100.0,0.0,0.8264432248009213,428
5,5,0,600,1.05,200.0,1.3599999999999999,1.2610861810651186,600
6,6,0,600,1.25,50.0,0.0,9.005119892189327,67
7,7,0,600,1.25,100.0,0.0,5.669318214155972,141
8,8,0,600,1.25,200.0,0.0,5.300332591790758,242
9,9,0,600,1.5,50.0,0.0,15.996143164543508,50
10,10,0,600,1.5,100.0,0.0,10.452556899176013,99
11,11,0,600,1.5,200.0,0.0,8.01897443584183,109
12,12,0,600,2.0,50.0,0.0,28.733405645057143,26
13,13,0,600,2.0,100.0,0.0,18.36168780920565,32
14,14,0,600,2.0,200.0,0.0,12.211963897011236,57
15,15,1,600,1.0,50.0,37.12,-0.06004663507355179,600
16,16,1,600,1.0,100.0,56.52,0.0010051356606810558,600
17,17,1,600,1.0,200.0,48.559999999999995,0.16953742555197993,600
18,18,1,600,1.05,50.0,0.0,0.8598243407102468,347
19,19,1,600,1.05,100.0,4.92,0.7149997286414411,600
20,20,1,600,1.05,200.0,2.44,0.9610325313844204,600
21,21,1,600,1.25,50.0,0.0,8.938539758577857,132
22,22,1,600,1.25,100.0,0.0,6.361936491541553,224
23,23,1,600,1.25,200.0,0.0,5.603177246878399,154
24,24,1,600,1.5,50.0,0.0,17.225168522367472,46
25,25,1,600,1.5,100.0,0.0,10.173370760850709,73
26,26,1,600,1.5,200.0,0.0,7.337058254150442,124
27,27,1,600,2.0,50.0,0.0,28.711048368836266,28
28,28,1,600,2.0,100.0,0.0,18.150750132025962,39
29,29,1,600,2.0,200.0,0.0,12.907027823832317,56
30,30,2,600,1.0,50.0,62.239999999999995,-0.08312408466695231,600
31,31,2,600,1.0,100.0,37.0,0.17000893163935382,600
32,32,2,600,1.0,200.0,39.96,-0.018772412925471826,600
33,33,2,600,1.05,50.0,0.0,0.6539150710428765,357
34,34,2,600,1.05,100.0,0.0,1.0199142968588037,323
35,35,2,600,1.05,200.0,2.2800000000000002,1.0091283652920335,600
36,36,2,600,1.25,50.0,0.0,9.338912860788383,113
37,37,2,600,1.25,100.0,0.0,6.278448052819419,149
38,38,2,600,1.25,200.0,0.0,5.043963219067993,240
39,39,2,600,1.5,50.0,0.0,18.30881863766748,60
40,40,2,600,1.5,100.0,0.0,10.67164329900262,57
41,41,2,600,1.5,200.0,0.0,7.267909966573605,101
42,42,2,600,2.0,50.0,0.0,28.832592259694167,25
43,43,2,600,2.0,100.0,0.0,17.549629241937957,44
44,44,2,600,2.0,200.0,0.0,12.177688633404626,58
45,45,3,600,1.0,50.0,50.56,0.0925224506719502,600
46,46,3,600,1.0,100.0,33.92,0.11126458555092977,600
47,47,3,600,1.0,200.0,59.760000000000005,-0.1029666189639622,600
48,48,3,600,1.05,50.0,0.0,0.7316220787548566,377
49,49,3,600,1.05,100.0,0.0,0.9894544975172059,569
50,50,3,600,1.05,200.0,2.56,0.8379171000753582,600
51,51,3,600,1.25,50.0,0.0,9.173933256257117,83
52,52,3,600,1.25,100.0,0.0,6.448453381652508,164
53,53,3,600,1.25,200.0,0.0,4.561703754796498,250
54,54,3,600,1.5,50.0,0.0,16.601578904851355,42
55,55,3,600,1.5,100.0,0.0,9.565861902942341,66
56,56,3,600,1.5,200.0,0.0,6.611037987949054,119
57,57,3,600,2.0,50.0,0.0,29.041340319885535,27
58,58,3,600,2.0,100.0,0.0,18.274524687099824,37
59,59,3,600,2.0,200.0,0.0,12.302469416747087,61
60,60,4,600,1.0,50.0,60.8,-0.19202947517982238,600
61,61,4,600,1.0,100.0,39.12,0.06356769960456088,600
62,62,4,600,1.0,200.0,47.88,0.11964946382787556,600
63,63,4,600,1.05,50.0,0.0,0.5321386975318587,423
64,64,4,600,1.05,100.0,0.0,0.9684702534643486,428
65,65,4,600,1.05,200.0,4.5600000000000005,0.8086752591072499,600
66,66,4,600,1.25,50.0,0.0,8.312136415882154,71
67,67,4,600,1.25,100.0,0.0,5.85819019789644,131
68,68,4,600,1.25,200.0,0.0,4.839929758955163,228
69,69,4,600,1.5,50.0,0.0,17.090378901339818,66
70,70,4,600,1.5,100.0,0.0,10.654259258606158,95
71,71,4,600,1.5,200.0,0.0,7.905375122858571,125
72,72,4,600,2.0,50.0,0.0,28.313538277862392,26
73,73,4,600,2.0,100.0,0.0,18.63317910077644,38
74,74,4,600,2.0,200.0,0.0,12.827691967573362,71
75,75,5,600,1.0,50.0,61.199999999999996,-0.25426997225024284,600
76,76,5,600,1.0,100.0,44.32,0.05359994870708373,600
77,77,5,600,1.0,200.0,39.92,0.12172161956837124,600
78,78,5,600,1.05,50.0,0.0,0.7946722868122591,397
79,79,5,600,1.05,100.0,0.27999999999999997,0.9418295045326763,600
80,80,5,600,1.05,200.0,2.0,1.135948054982694,600
81,81,5,600,1.25,50.0,0.0,9.077797619323814,65
82,82,5,600,1.25,100.0,0.0,6.7000729961821275,93
83,83,5,600,1.25,200.0,0.0,5.114336105725137,189
84,84,5,600,1.5,50.0,0.0,17.433841337947108,36
85,85,5,600,1.5,100.0,0.0,10.449209570508689,57
86,86,5,600,1.5,200.0,0.0,7.303828574177384,103
87,87,5,600,2.0,50.0,0.0,28.997053233635494,32
88,88,5,600,2.0,100.0,0.0,17.795729629523116,40
89,89,5,600,2.0,200.0,0.0,12.84514282944894,51
90,90,6,600,1.0,50.0,45.28,-0.10092753828525591,600
91,91,6,600,1.0,100.0,59.08,0.029021052359212707,600
92,92,6,600,1.0,200.0,40.44,0.1473153708331898,600
93,93,6,600,1.05,50.0,0.0,0.6348700354320891,315
94,94,6,600,1.05,100.0,0.0,1.3128815971489516,437
95,95,6,600,1.05,200.0,0.84,1.130443565784589,600
96,96,6,600,1.25,50.0,0.0,9.086259963395927,81
97,97,6,600,1.25,100.0,0.0,6.385662534066672,128
98,98,6,600,1.25,200.0,0.0,5.650968949600799,153
99,99,6,600,1.5,50.0,0.0,17.459553153775875,56
100,100,6,600,1.5,100.0,0.0,10.233468492327624,79
101,101,6,600,1.5,200.0,0.0,6.9734180599213875,112
102,102,6,600,2.0,50.0,0.0,28.929881331287365,25
103,103,6,600,2.0,100.0,0.0,18.95872070508541,33
104,104,6,600,2.0,200.0,0.0,11.633841702626224,82
105,105,7,600,1.0,50.0,66.75999999999999,0.06773017531516157,600
106,106,7,600,1.0,100.0,63.0,-0.07988515541992314,600
107,107,7,600,1.0,200.0,44.28,-0.07309700769788652,600
108,108,7,600,1.05,50.0,0.0,0.47997583013801304,294
109,109,7,600,1.05,100.0,0.0,1.240194122731908,489
110,110,7,600,1.05,200.0,4.8,0.6576517651476488,600
111,111,7,600,1.25,50.0,0.0,8.832038559310485,94
112,112,7,600,1.25,100.0,0.0,5.801423209595291,146
113,113,7,600,1.25,200.0,0.0,4.722726626943674,182
114,114,7,600,1.5,50.0,0.0,17.62860606168798,33
115,115,7,600,1.5,100.0,0.0,10.051300016286834,80
116,116,7,600,1.5,200.0,0.0,7.08153108444135,111
117,117,7,600,2.0,50.0,0.0,28.320503502444705,26
118,118,7,600,2.0,100.0,0.0,18.46703205448723,41
119,119,7,600,2.0,200.0,0.0,11.357657727374793,69
120,120,8,600,1.0,50.0,40.96,-0.016412323135872597,600
121,121,8,600,1.0,100.0,30.959999999999997,-0.01450640518827484,600
122,122,8,600,1.0,200.0,40.88,-0.06804167399510064,600
123,123,8,600,1.05,50.0,0.0,0.6736141548917995,215
124,124,8,600,1.05,100.0,0.0,0.863622839235878,478
125,125,8,600,1.05,200.0,4.760000000000001,0.8755643447630579,600
126,126,8,600,1.25,50.0,0.0,9.243555530569548,71
127,127,8,600,1.25,100.0,0.0,5.30296167044394,158
128,128,8,600,1.25,200.0,0.0,4.809815983123333,215
129,129,8,600,1.5,50.0,0.0,17.17031150382552,47
130,130,8,600,1.5,100.0,0.0,10.228468395903523,69
131,131,8,600,1.5,200.0,0.0,6.627344489678988,118
132,132,8,600,2.0,50.0,0.0,29.436937325331623,21
133,133,8,600,2.0,100.0,0.0,18.789400012617076,35
134,134,8,600,2.0,200.0,0.0,11.709172469482665,88
135,135,9,600,1.0,50.0,64.12,0.0012267417455968932,600
136,136,9,600,1.0,100.0,41.64,0.03657926588956917,600
137,137,9,600,1.0,200.0,41.959999999999994,0.14688402917205634,600
138,138,9,600,1.05,50.0,0.0,0.848006343670249,286
139,139,9,600,1.05,100.0,0.0,1.0057139705580198,580
140,140,9,600,1.05,200.0,0.0,1.2966045883286759,490
141,141,9,600,1.25,50.0,0.0,8.788698453782596,107
142,142,9,600,1.25,100.0,0.0,6.09312007505668,129
143,143,9,600,1.25,200.0,0.0,5.671827011223862,240
144,144,9,600,1.5,50.0,0.0,17.747197019114758,49
145,145,9,600,1.5,100.0,0.0,10.281910223110602,76
146,146,9,600,1.5,200.0,0.0,7.585164021715485,116
147,147,9,600,2.0,50.0,0.0,29.800240306980008,22
148,148,9,600,2.0,100.0,0.0,18.180044197436686,41
149,149,9,600,2.0,200.0,0.0,12.45874545071295,63
150,150,10,600,1.0,50.0,46.32,-0.07475488380879192,600
151,151,10,600,1.0,100.0,34.760000000000005,0.15595870201894346,600
152,152,10,600,1.0,200.0,50.44,0.07379788238094376,600
153,153,10,600,1.05,50.0,0.0,1.1933838456674728,254
154,154,10,600,1.05,100.0,0.0,0.9467753062196493,495
155,155,10,600,1.05,200.0,0.0,1.0737146844703394,590
156,156,10,600,1.25,50.0,0.0,9.672707189270646,74
157,157,10,600,1.25,100.0,0.0,6.890220214030995,117
158,158,10,600,1.25,200.0,0.0,5.145166443076921,270
159,159,10,600,1.5,50.0,0.0,16.730003206612754,48
160,160,10,600,1.5,100.0,0.0,9.49643442859015,64
161,161,10,600,1.5,200.0,0.0,7.074859849312986,126
162,162,10,600,2.0,50.0,0.0,28.944375475816088,25
163,163,10,600,2.0,100.0,0.0,17.976941361908207,43
164,164,10,600,2.0,200.0,0.0,12.99109017404615,72
165,165,11,600,1.0,50.0,41.28,0.06909080702823811,600
166,166,11,600,1.0,100.0,53.28000000000001,-0.08739246767763831,600
167,167,11,600,1.0,200.0,53.559999999999995,-0.27884267807269936,600
168,168,11,600,1.05,50.0,0.0,0.7930449317645416,256
169,169,11,600,1.05,100.0,0.64,0.9493805706567549,600
170,170,11,600,1.05,200.0,0.76,0.9899216529547616,600
171,171,11,600,1.25,50.0,0.0,8.88027795366929,91
172,172,11,600,1.25,100.0,0.0,6.312101422814176,143
173,173,11,600,1.25,200.0,0.0,5.262740706385516,151
174,174,11,600,1.5,50.0,0.0,17.782329789579087,42
175,175,11,600,1.5,100.0,0.0,9.63215095831017,58
176,176,11,600,1.5,200.0,0.0,7.621636838774837,87
177,177,11,600,2.0,50.0,0.0,29.6984589400875,25
178,178,11,600,2.0,100.0,0.0,18.102473189654646,46
179,179,11,600,2.0,200.0,0.0,12.82790986394209,60
180,180,12,600,1.0,50.0,76.03999999999999,-0.13613707209438886,600
181,181,12,600,1.0,100.0,57.56,-0.19580517615935822,600
182,182,12,600,1.0,200.0,51.35999999999999,-0.18250741794603176,600
183,183,12,600,1.05,50.0,0.0,0.7246995165097414,264
184,184,12,600,1.05,100.0,0.0,1.2588378275087075,555
185,185,12,600,1.05,200.0,0.0,1.249481353550086,439
186,186,12,600,1.25,50.0,0.0,9.427937688741517,88
187,187,12,600,1.25,100.0,0.0,6.658580427812433,141
188,188,12,600,1.25,200.0,0.0,4.631872610859277,190
189,189,12,600,1.5,50.0,0.0,16.288202519221727,74
190,190,12,600,1.5,100.0,0.0,10.746312138119507,81
191,191,12,600,1.5,200.0,0.0,7.268659170154246,128
192,192,12,600,2.0,50.0,0.0,27.989231770584688,25
193,193,12,600,2.0,100.0,0.0,18.70774671333172,39
194,194,12,600,2.0,200.0,0.0,11.882889212311687,69
195,195,13,600,1.0,50.0,11.24,0.1568779313164459,600
196,196,13,600,1.0,100.0,29.080000000000002,0.010777895552505079,600
197,197,13,600,1.0,200.0,39.96,-0.09433503212210592,600
198,198,13,600,1.05,50.0,0.0,0.9077190993743933,296
199,199,13,600,1.05,100.0,2.0,0.8196433933029601,600
200,200,13,600,1.05,200.0,0.32,1.0221086348676023,600
201,201,13,600,1.25,50.0,0.0,9.060831141746807,98
202,202,13,600,1.25,100.0,0.0,7.123769048000272,137
203,203,13,600,1.25,200.0,0.0,4.523892046358979,184
204,204,13,600,1.5,50.0,0.0,17.406567107592775,47
205,205,13,600,1.5,100.0,0.0,10.348871455498754,103
206,206,13,600,1.5,200.0,0.0,7.934170944587715,111
207,207,13,600,2.0,50.0,0.0,29.123069313732618,24
208,208,13,600,2.0,100.0,0.0,18.42434865267426,41
209,209,13,600,2.0,200.0,0.0,12.041562263629968,147
210,210,14,600,1.0,50.0,75.92,-0.10555634714899398,600
211,211,14,600,1.0,100.0,44.72,-0.022279651786871746,600
212,212,14,600,1.0,200.0,65.72,-0.07373219325186309,600
213,213,14,600,1.05,50.0,0.0,0.7819837860456258,382
214,214,14,600,1.05,100.0,3.92,0.8726273595262457,600
215,215,14,600,1.05,200.0,2.6,1.1368228364859512,600
216,216,14,600,1.25,50.0,0.0,9.337749383116044,120
217,217,14,600,1.25,100.0,0.0,7.210898332102911,183
218,218,14,600,1.25,200.0,0.0,5.157458511773361,200
219,219,14,600,1.5,50.0,0.0,18.210345051861587,44
220,220,14,600,1.5,100.0,0.0,9.948600358862636,66
221,221,14,600,1.5,200.0,0.0,6.926500081588971,148
222,222,14,600,2.0,50.0,0.0,27.81533391768971,34
223,223,14,600,2.0,100.0,0.0,18.51595360722135,34
224,224,14,600,2.0,200.0,0.0,12.391675610117204,64
225,225,15,600,1.0,50.0,57.599999999999994,0.021977949204887715,600
226,226,15,600,1.0,100.0,60.31999999999999,0.021479188613349187,600
227,227,15,600,1.0,200.0,62.839999999999996,0.04187717979716732,600
228,228,15,600,1.05,50.0,0.0,0.8214322514114358,278
229,229,15,600,1.05,100.0,0.2,0.5959560655094287,600
230,230,15,600,1.05,200.0,1.32,1.3134451686287019,600
231,231,15,600,1.25,50.0,0.0,8.855853999907593,76
232,232,15,600,1.25,100.0,0.0,6.754209299939906,109
233,233,15,600,1.25,200.0,0.0,5.085350854551185,214
234,234,15,600,1.5,50.0,0.0,17.698045567151645,46
235,235,15,600,1.5,100.0,0.0,9.909858915003367,77
236,236,15,600,1.5,200.0,0.0,6.9559378486290235,151
237,237,15,600,2.0,50.0,0.0,29.583141101277853,29
238,238,15,600,2.0,100.0,0.0,19.04965071294721,42
239,239,15,600,2.0,200.0,0.0,11.864963443966658,58
240,240,16,600,1.0,50.0,46.64,0.09437477979249431,600
241,241,16,600,1.0,100.0,28.84,0.10355635827138387,600
242,242,16,600,1.0,200.0,50.519999999999996,0.006126512308723964,600
243,243,16,600,1.05,50.0,0.0,1.0084737895262763,224
244,244,16,600,1.05,100.0,1.5599999999999998,1.1885319205269584,600
245,245,16,600,1.05,200.0,5.4399999999999995,1.0481884747242987,600
246,246,16,600,1.25,50.0,0.0,8.87733178023986,121
247,247,16,600,1.25,100.0,0.0,6.364802391262181,136
248,248,16,600,1.25,200.0,0.0,5.027904449621201,239
249,249,16,600,1.5,50.0,0.0,18.041331305484796,37
250,250,16,600,1.5,100.0,0.0,10.244259366498953,59
251,251,16,600,1.5,200.0,0.0,8.032558337710427,202
252,252,16,600,2.0,50.0,0.0,28.61446129767303,24
253,253,16,600,2.0,100.0,0.0,18.949693739449515,34
254,254,16,600,2.0,200.0,0.0,12.33228870867743,87
255,255,17,600,1.0,50.0,57.440000000000005,-0.033123443265981045,600
256,256,17,600,1.0,100.0,43.36,-0.028411523593452337,600
257,257,17,600,1.0,200.0,61.760000000000005,-0.19073906495234993,600
258,258,17,600,1.05,50.0,0.0,0.5181604160773956,287
259,259,17,600,1.05,100.0,0.0,0.9107032244015212,453
260,260,17,600,1.05,200.0,4.36,0.7824131652124366,600
261,261,17,600,1.25,50.0,0.0,9.070398781395495,85
262,262,17,600,1.25,100.0,0.0,6.342339173624156,152
263,263,17,600,1.25,200.0,0.0,5.477000893207029,171
264,264,17,600,1.5,50.0,0.0,18.466883684047907,38
265,265,17,600,1.5,100.0,0.0,11.350205960321214,47
266,266,17,600,1.5,200.0,0.0,7.026624702829354,145
267,267,17,600,2.0,50.0,0.0,28.265197177986135,29
268,268,17,600,2.0,100.0,0.0,18.635132145022727,48
269,269,17,600,2.0,200.0,0.0,11.57847165967385,89
270,270,18,600,1.0,50.0,53.44,-0.013018774221285057,600
271,271,18,600,1.0,100.0,63.92,-0.15884073701462054,600
272,272,18,600,1.0,200.0,40.239999999999995,-0.05918371866353578,600
273,273,18,600,1.05,50.0,0.0,0.44150264873044076,382
274,274,18,600,1.05,100.0,0.4,0.9257400399778515,600
275,275,18,600,1.05,200.0,2.08,1.1580911995844545,600
276,276,18,600,1.25,50.0,0.0,8.276351064105981,102
277,277,18,600,1.25,100.0,0.0,6.823394229770674,208
278,278,18,600,1.25,200.0,0.0,5.557667427080948,236
279,279,18,600,1.5,50.0,0.0,16.725954817505084,40
280,280,18,600,1.5,100.0,0.0,10.587586980832164,64
281,281,18,600,1.5,200.0,0.0,7.377074785871985,131
282,282,18,600,2.0,50.0,0.0,28.4142790314031,30
283,283,18,600,2.0,100.0,0.0,17.839439920094712,33
284,284,18,600,2.0,200.0,0.0,12.865815232792633,81
285,285,19,600,1.0,50.0,59.440000000000005,-0.03054237750170774,600
286,286,19,600,1.0,100.0,57.99999999999999,-0.02227606665246018,600
287,287,19,600,1.0,200.0,54.6,0.0010079498643067453,600
288,288,19,600,1.05,50.0,0.0,0.7573451628478778,519
289,289,19,600,1.05,100.0,0.6,0.9720660858078878,600
290,290,19,600,1.05,200.0,1.92,0.9358121257856511,600
291,291,19,600,1.25,50.0,0.0,8.782006504250061,87
292,292,19,600,1.25,100.0,0.0,6.498212109974288,155
293,293,19,600,1.25,200.0,0.0,4.468265302747854,232
294,294,19,600,1.5,50.0,0.0,16.75246847113173,73
295,295,19,600,1.5,100.0,0.0,9.796943458566442,67
296,296,19,600,1.5,200.0,0.0,7.0777114547096005,124
297,297,19,600,2.0,50.0,0.0,27.5993526244412,25
298,298,19,600,2.0,100.0,0.0,18.97188752105293,30
299,299,19,600,2.0,200.0,0.0,12.208718660739425,76
300,300,20,600,1.0,50.0,71.12,0.045319818144795576,600
301,301,20,600,1.0,100.0,58.84,-0.06226527019066452,600
302,302,20,600,1.0,200.0,43.16,0.011906391577831688,600
303,303,20,600,1.05,50.0,0.0,1.123507628746967,306
304,304,20,600,1.05,100.0,0.36,1.1951531857617215,600
305,305,20,600,1.05,200.0,3.8,0.9859343658817799,600
306,306,20,600,1.25,50.0,0.0,9.46123179592856,78
307,307,20,600,1.25,100.0,0.0,6.462377416990373,146
308,308,20,600,1.25,200.0,0.0,5.005270153608842,172
309,309,20,600,1.5,50.0,0.0,16.812071962480235,43
310,310,20,600,1.5,100.0,0.0,10.624744755855797,80
311,311,20,600,1.5,200.0,0.0,8.190433851674161,113
312,312,20,600,2.0,50.0,0.0,28.647279726934705,22
313,313,20,600,2.0,100.0,0.0,19.69508932741032,34
314,314,20,600,2.0,200.0,0.0,11.411686945051091,63
315,315,21,600,1.0,50.0,58.599999999999994,-0.0009854097856365485,600
316,316,21,600,1.0,100.0,56.39999999999999,0.03115987005862797,600
317,317,21,600,1.0,200.0,55.60000000000001,-0.08089754680291605,600
318,318,21,600,1.05,50.0,0.0,0.8218607102275288,251
319,319,21,600,1.05,100.0,3.56,0.6807042255823514,600
320,320,21,600,1.05,200.0,0.6,1.3640744790021087,600
321,321,21,600,1.25,50.0,0.0,9.126874069967418,101
322,322,21,600,1.25,100.0,0.0,6.2819609947610155,170
323,323,21,600,1.25,200.0,0.0,5.545716985477789,187
324,324,21,600,1.5,50.0,0.0,18.213781319825173,44
325,325,21,600,1.5,100.0,0.0,10.082188817207582,114
326,326,21,600,1.5,200.0,0.0,7.031762739522984,176
327,327,21,600,2.0,50.0,0.0,28.942943250554897,24
328,328,21,600,2.0,100.0,0.0,18.274047263705384,41
329,329,21,600,2.0,200.0,0.0,12.452669298477492,75
330,330,22,600,1.0,50.0,24.72,0.0538842769599257,600
331,331,22,600,1.0,100.0,72.36,-0.061037593754154074,600
332,332,22,600,1.0,200.0,48.36,0.0672716813085783,600
333,333,22,600,1.05,50.0,0.0,0.8301070373237462,317
334,334,22,600,1.05,100.0,0.0,1.2702292939790305,339
335,335,22,600,1.05,200.0,3.1199999999999997,0.8812639144749945,600
336,336,22,600,1.25,50.0,0.0,9.621748821594633,77
337,337,22,600,1.25,100.0,0.0,6.915330181725987,112
338,338,22,600,1.25,200.0,0.0,4.866806952005954,158
339,339,22,600,1.5,50.0,0.0,17.6113111649026,47
340,340,22,600,1.5,100.0,0.0,9.883775608382583,121
341,341,22,600,1.5,200.0,0.0,6.46130516381268,134
342,342,22,600,2.0,50.0,0.0,30.301772029126795,24
343,343,22,600,2.0,100.0,0.0,18.882319782661526,37
344,344,22,600,2.0,200.0,0.0,12.003986141337242,84
345,345,23,600,1.0,50.0,84.44,-0.167068502997747,600
346,346,23,600,1.0,100.0,59.199999999999996,-0.018599977633293463,600
347,347,23,600,1.0,200.0,36.28,-0.06231345784417641,600
348,348,23,600,1.05,50.0,0.0,0.7010885572477199,266
349,349,23,600,1.05,100.0,0.36,1.1114727550262882,600
350,350,23,600,1.05,200.0,1.28,1.2725739229485056,600
351,351,23,600,1.25,50.0,0.0,9.707563422816111,68
352,352,23,600,1.25,100.0,0.0,5.662743184949526,109
353,353,23,600,1.25,200.0,0.0,5.0710463593813815,183
354,354,23,600,1.5,50.0,0.0,17.367110789434438,40
355,355,23,600,1.5,100.0,0.0,10.37325785353752,61
356,356,23,600,1.5,200.0,0.0,7.290485839328376,112
357,357,23,600,2.0,50.0,0.0,28.145744756712897,26
358,358,23,600,2.0,100.0,0.0,18.458903413496397,49
359,359,23,600,2.0,200.0,0.0,12.368128595218675,66
360,360,24,600,1.0,50.0,46.839999999999996,-0.026973190225776378,600
361,361,24,600,1.0,100.0,47.88,0.1053203978961581,600
362,362,24,600,1.0,200.0,33.68,0.08057820279527839,600
363,363,24,600,1.05,50.0,0.0,0.817916413364117,297
364,364,24,600,1.05,100.0,0.0,0.9047938122911048,540
365,365,24,600,1.05,200.0,5.16,0.8646894177502085,600
366,366,24,600,1.25,50.0,0.0,9.32700295019785,84
367,367,24,600,1.25,100.0,0.0,5.882713754613144,105
368,368,24,600,1.25,200.0,0.0,5.217155415948971,200
369,369,24,600,1.5,50.0,0.0,17.99938667896689,32
370,370,24,600,1.5,100.0,0.0,10.092937738293816,60
371,371,24,600,1.5,200.0,0.0,7.012097686799413,132
372,372,24,600,2.0,50.0,0.0,29.57226957646345,21
373,373,24,600,2.0,100.0,0.0,18.753162398885827,31
374,374,24,600,2.0,200.0,0.0,12.093373011405784,68
375,375,25,600,1.0,50.0,45.92,-0.055058593781986964,600
376,376,25,600,1.0,100.0,45.12,-0.02230096201920606,600
377,377,25,600,1.0,200.0,64.16,-0.011687548078653798,600
378,378,25,600,1.05,50.0,0.0,0.8479405899108117,299
379,379,25,600,1.05,100.0,0.4,1.2772389782754856,600
380,380,25,600,1.05,200.0,2.64,1.2804829725173383,600
381,381,25,600,1.25,50.0,0.0,9.46864557695477,71
382,382,25,600,1.25,100.0,0.0,5.449026916852073,329
383,383,25,600,1.25,200.0,0.0,5.234164457736057,211
384,384,25,600,1.5,50.0,0.0,17.098909443691745,45
385,385,25,600,1.5,100.0,0.0,10.180538042630804,62
386,386,25,600,1.5,200.0,0.0,7.250682246825313,162
387,387,25,600,2.0,50.0,0.0,28.77822581969364,33
388,388,25,600,2.0,100.0,0.0,18.422396451158285,41
389,389,25,600,2.0,200.0,0.0,12.187255426747834,57
390,390,26,600,1.0,50.0,17.119999999999997,0.07387354448925576,600
391,391,26,600,1.0,100.0,60.24,-0.1155412822344104,600
392,392,26,600,1.0,200.0,47.48,0.14447772302244033,600
393,393,26,600,1.05,50.0,0.0,0.7159389217357259,335
394,394,26,600,1.05,100.0,0.0,0.7707514685410533,590
395,395,26,600,1.05,200.0,2.6,0.8164795819748605,600
396,396,26,600,1.25,50.0,0.0,9.25312912134375,83
397,397,26,600,1.25,100.0,0.0,6.674970960213411,110
398,398,26,600,1.25,200.0,0.0,4.582917171961698,217
399,399,26,600,1.5,50.0,0.0,18.02531434418001,36
400,400,26,600,1.5,100.0,0.0,10.38549252251304,82
401,401,26,600,1.5,200.0,0.0,7.184399420169996,121
402,402,26,600,2.0,50.0,0.0,28.832911338124333,25
403,403,26,600,2.0,100.0,0.0,18.478739684271282,41
404,404,26,600,2.0,200.0,0.0,12.336357485292949,67
405,405,27,600,1.0,50.0,67.32000000000001,-0.05087265096173077,600
406,406,27,600,1.0,100.0,60.56,-0.18382170022317457,600
407,407,27,600,1.0,200.0,51.800000000000004,-0.029308839206043658,600
408,408,27,600,1.05,50.0,0.0,0.7521617017365645,282
409,409,27,600,1.05,100.0,0.0,0.742834776418877,466
410,410,27,600,1.05,200.0,3.4799999999999995,0.8465250702778815,600
411,411,27,600,1.25,50.0,0.0,9.344732881949758,99
412,412,27,600,1.25,100.0,0.0,6.225575954761875,124
413,413,27,600,1.25,200.0,0.0,5.783625714649521,162
414,414,27,600,1.5,50.0,0.0,16.627639601540878,42
415,415,27,600,1.5,100.0,0.0,10.095680281534769,64
416,416,27,600,1.5,200.0,0.0,6.899821884116841,105
417,417,27,600,2.0,50.0,0.0,29.69227820913631,20
418,418,27,600,2.0,100.0,0.0,18.78474500698626,35
419,419,27,600,2.0,200.0,0.0,10.86937297949846,66
420,420,28,600,1.0,50.0,62.92,0.003302950443873076,600
421,421,28,600,1.0,100.0,47.92,-0.11148726079186488,600
422,422,28,600,1.0,200.0,60.72,-0.11362637063228043,600
423,423,28,600,1.05,50.0,0.0,0.7322992268005257,232
424,424,28,600,1.05,100.0,0.0,1.2411732827119382,520
425,425,28,600,1.05,200.0,0.44,0.9400761460669593,600
426,426,28,600,1.25,50.0,0.0,9.293404562396002,86
427,427,28,600,1.25,100.0,0.0,6.434113510091177,99
428,428,28,600,1.25,200.0,0.0,4.832788166521218,244
429,429,28,600,1.5,50.0,0.0,17.380307127057993,41
430,430,28,600,1.5,100.0,0.0,10.30463254725964,87
431,431,28,600,1.5,200.0,0.0,8.140507173542478,83
432,432,28,600,2.0,50.0,0.0,28.581119870086958,28
433,433,28,600,2.0,100.0,0.0,18.436763582723437,35
434,434,28,600,2.0,200.0,0.0,11.991956120882719,73
435,435,29,600,1.0,50.0,60.440000000000005,0.013362286747553576,600
436,436,29,600,1.0,100.0,79.60000000000001,-0.11367385400682384,600
437,437,29,600,1.0,200.0,47.0,0.053570142967218626,600
438,438,29,600,1.05,50.0,0.0,1.2293283791250609,290
439,439,29,600,1.05,100.0,0.6,0.7812071869936821,600
440,440,29,600,1.05,200.0,4.72,1.1456123852331301,600
441,441,29,600,1.25,50.0,0.0,9.765112686091015,69
442,442,29,600,1.25,100.0,0.0,7.251688826700741,139
443,443,29,600,1.25,200.0,0.0,4.449604193324053,231
444,444,29,600,1.5,50.0,0.0,17.447232512052967,38
445,445,29,600,1.5,100.0,0.0,9.853041053018874,55
446,446,29,600,1.5,200.0,0.0,7.502715156296668,172
447,447,29,600,2.0,50.0,0.0,28.74372167811088,24
448,448,29,600,2.0,100.0,0.0,18.98470185570207,37
449,449,29,600,2.0,200.0,0.0,12.367704831257642,64
450,450,30,600,1.0,50.0,69.92,-0.04665144976732094,600
451,451,30,600,1.0,100.0,58.4,0.0006861759379472865,600
452,452,30,600,1.0,200.0,38.519999999999996,-0.035678093324431615,600
453,453,30,600,1.05,50.0,0.0,0.5496444725452965,343
454,454,30,600,1.05,100.0,0.12,1.0228488312597372,600
455,455,30,600,1.05,200.0,2.4,1.027439379420847,600
456,456,30,600,1.25,50.0,0.0,8.847484569480867,93
457,457,30,600,1.25,100.0,0.0,6.312009909871852,137
458,458,30,600,1.25,200.0,0.0,4.64850245893601,258
459,459,30,600,1.5,50.0,0.0,17.546686214655516,36
460,460,30,600,1.5,100.0,0.0,10.41127889754554,58
461,461,30,600,1.5,200.0,0.0,6.217254605525202,118
462,462,30,600,2.0,50.0,0.0,29.217476660013343,26
463,463,30,600,2.0,100.0,0.0,17.906187142406893,40
464,464,30,600,2.0,200.0,0.0,12.634663179643635,69
465,465,31,600,1.0,50.0,54.04,0.06237356736715771,600
466,466,31,600,1.0,100.0,60.84,0.02460242434896287,600
467,467,31,600,1.0,200.0,40.760000000000005,-0.09716174063274519,600
468,468,31,600,1.05,50.0,0.0,0.8238561038104386,224
469,469,31,600,1.05,100.0,0.0,0.6654812159811008,455
470,470,31,600,1.05,200.0,0.0,1.2159732003851675,573
471,471,31,600,1.25,50.0,0.0,9.808917023031539,61
472,472,31,600,1.25,100.0,0.0,6.302339647006083,133
473,473,31,600,1.25,200.0,0.0,5.1750071502243085,261
474,474,31,600,1.5,50.0,0.0,17.267709813290555,46
475,475,31,600,1.5,100.0,0.0,9.604191976195164,72
476,476,31,600,1.5,200.0,0.0,7.444317426272818,168
477,477,31,600,2.0,50.0,0.0,28.57148260662984,24
478,478,31,600,2.0,100.0,0.0,18.252215328564358,55
479,479,31,600,2.0,200.0,0.0,11.770054715228984,68
480,480,32,600,1.0,50.0,45.68,0.06572188609914598,600
481,481,32,600,1.0,100.0,35.96,0.102762231190201,600
482,482,32,600,1.0,200.0,54.279999999999994,-0.11695748048998755,600
483,483,32,600,1.05,50.0,0.0,0.7593420969853826,405
484,484,32,600,1.05,100.0,0.0,0.785125502893802,584
485,485,32,600,1.05,200.0,2.56,0.8214148880652083,600
486,486,32,600,1.25,50.0,0.0,9.197739957181328,118
487,487,32,600,1.25,100.0,0.0,6.806567611405434,145
488,488,32,600,1.25,200.0,0.0,5.115026717737536,179
489,489,32,600,1.5,50.0,0.0,17.62029873513251,47
490,490,32,600,1.5,100.0,0.0,10.999743112320182,56
491,491,32,600,1.5,200.0,0.0,6.884467180064313,111
492,492,32,600,2.0,50.0,0.0,28.22050451713136,24
493,493,32,600,2.0,100.0,0.0,18.710641375421943,37
494,494,32,600,2.0,200.0,0.0,12.149495659590015,93
495,495,33,600,1.0,50.0,68.64,-0.02165979570019072,600
496,496,33,600,1.0,100.0,54.76,-0.04957192693562096,600
497,497,33,600,1.0,200.0,66.52,-0.13524823758888083,600
498,498,33,600,1.05,50.0,0.0,0.9226816071075894,374
499,499,33,600,1.05,100.0,0.0,0.8138588835170824,451
500,500,33,600,1.05,200.0,2.64,1.058810722492609,600
501,501,33,600,1.25,50.0,0.0,9.059838973801815,88
502,502,33,600,1.25,100.0,0.0,6.198440287149065,151
503,503,33,600,1.25,200.0,0.0,4.38010929513355,260
504,504,33,600,1.5,50.0,0.0,17.474454899000236,59
505,505,33,600,1.5,100.0,0.0,10.245677596975478,72
506,506,33,600,1.5,200.0,0.0,6.324775720846077,131
507,507,33,600,2.0,50.0,0.0,29.89347283795336,20
508,508,33,600,2.0,100.0,0.0,17.876076440716414,32
509,509,33,600,2.0,200.0,0.0,12.353526763024657,55
510,510,34,600,1.0,50.0,17.0,-0.003754621545937198,600
511,511,34,600,1.0,100.0,54.36,0.024356551380888547,600
512,512,34,600,1.0,200.0,44.48,-0.12735367967919853,600
513,513,34,600,1.05,50.0,0.0,0.6896901734306016,442
514,514,34,600,1.05,100.0,0.0,1.220004483109416,372
515,515,34,600,1.05,200.0,3.2,0.8522975217274742,600
516,516,34,600,1.25,50.0,0.0,8.764531938828279,88
517,517,34,600,1.25,100.0,0.0,6.111468553387844,145
518,518,34,600,1.25,200.0,0.0,5.110204582328959,171
519,519,34,600,1.5,50.0,0.0,17.9602160359308,38
520,520,34,600,1.5,100.0,0.0,10.452977730954405,88
521,521,34,600,1.5,200.0,0.0,7.173578700852524,110
522,522,34,600,2.0,50.0,0.0,29.109218971982166,32
523,523,34,600,2.0,100.0,0.0,18.0333511838361,35
524,524,34,600,2.0,200.0,0.0,11.825815962226628,74
525,525,35,600,1.0,50.0,46.48,-0.02619782619850408,600
526,526,35,600,1.0,100.0,37.16,0.2922616397703637,600
527,527,35,600,1.0,200.0,57.599999999999994,0.023668535098853027,600
528,528,35,600,1.05,50.0,0.0,0.9309592154469026,239
529,529,35,600,1.05,100.0,1.16,0.8540054612408698,600
530,530,35,600,1.05,200.0,0.6,1.4021888420413853,600
531,531,35,600,1.25,50.0,0.0,8.765066699092527,96
532,532,35,600,1.25,100.0,0.0,6.244762291676265,105
533,533,35,600,1.25,200.0,0.0,5.07870313330574,201
534,534,35,600,1.5,50.0,0.0,17.749770662562547,44
535,535,35,600,1.5,100.0,0.0,10.662028147647185,102
536,536,35,600,1.5,200.0,0.0,7.794865976318144,125
537,537,35,600,2.0,50.0,0.0,29.904862510811437,23
538,538,35,600,2.0,100.0,0.0,18.48640213561402,41
539,539,35,600,2.0,200.0,0.0,12.483049901477338,67
540,540,36,600,1.0,50.0,45.839999999999996,-0.016978222684738142,600
541,541,36,600,1.0,100.0,58.52,-0.11380898095518788,600
542,542,36,600,1.0,200.0,67.12,-0.31544878397278264,600
543,543,36,600,1.05,50.0,0.0,0.8379296621643828,441
544,544,36,600,1.05,100.0,0.0,0.9402433391549225,477
545,545,36,600,1.05,200.0,1.16,1.0356016743046093,600
546,546,36,600,1.25,50.0,0.0,8.949559242821415,125
547,547,36,600,1.25,100.0,0.0,6.092088283074237,98
548,548,36,600,1.25,200.0,0.0,5.732388461922344,195
549,549,36,600,1.5,50.0,0.0,16.853855444391474,53
550,550,36,600,1.5,100.0,0.0,9.700896317934838,79
551,551,36,600,1.5,200.0,0.0,7.240678093275898,88
552,552,36,600,2.0,50.0,0.0,28.176313669407605,25
553,553,36,600,2.0,100.0,0.0,18.185390422052606,59
554,554,36,600,2.0,200.0,0.0,12.547415664060912,53
555,555,37,600,1.0,50.0,56.00000000000001,0.007675564678377711,600
556,556,37,600,1.0,100.0,55.48,-0.0948505400490296,600
557,557,37,600,1.0,200.0,48.32,-0.14024015621525443,600
558,558,37,600,1.05,50.0,0.0,0.6913566546355887,306
559,559,37,600,1.05,100.0,0.0,0.9920826536961802,491
560,560,37,600,1.05,200.0,0.0,1.0754998029578466,587
561,561,37,600,1.25,50.0,0.0,9.741047400684,115
562,562,37,600,1.25,100.0,0.0,6.401936932838714,120
563,563,37,600,1.25,200.0,0.0,5.764025179337984,223
564,564,37,600,1.5,50.0,0.0,17.36580786954932,38
565,565,37,600,1.5,100.0,0.0,9.934445205214281,82
566,566,37,600,1.5,200.0,0.0,6.686038963432017,116
567,567,37,600,2.0,50.0,0.0,28.388286942846598,30
568,568,37,600,2.0,100.0,0.0,18.332380029154372,34
569,569,37,600,2.0,200.0,0.0,11.950747152407459,87
570,570,38,600,1.0,50.0,81.44,-0.085136715612677,600
571,571,38,600,1.0,100.0,36.96,0.05395512772370381,600
572,572,38,600,1.0,200.0,46.760000000000005,0.08458509945890036,600
573,573,38,600,1.05,50.0,0.0,0.6365591798754622,392
574,574,38,600,1.05,100.0,0.0,1.1163190340396811,509
575,575,38,600,1.05,200.0,0.12,1.1989801150063761,600
576,576,38,600,1.25,50.0,0.0,8.701202181887114,100
577,577,38,600,1.25,100.0,0.0,7.174196719801829,157
578,578,38,600,1.25,200.0,0.0,4.9674409226901695,177
579,579,38,600,1.5,50.0,0.0,17.930772326433996,60
580,580,38,600,1.5,100.0,0.0,11.40059501583437,55
581,581,38,600,1.5,200.0,0.0,7.236923496353864,142
582,582,38,600,2.0,50.0,0.0,28.777285057283887,36
583,583,38,600,2.0,100.0,0.0,19.22075955665832,42
584,584,38,600,2.0,200.0,0.0,12.870751483791476,53
585,585,39,600,1.0,50.0,34.08,-0.017501709413569877,600
586,586,39,600,1.0,100.0,36.68,0.03102091381511629,600
587,587,39,600,1.0,200.0,60.28,-0.10134298319433022,600
588,588,39,600,1.05,50.0,0.0,1.0262750264908638,357
589,589,39,600,1.05,100.0,1.1199999999999999,1.0133329476004649,600
590,590,39,600,1.05,200.0,3.1199999999999997,1.0103179067756374,600
591,591,39,600,1.25,50.0,0.0,8.812952366086812,92
592,592,39,600,1.25,100.0,0.0,6.440217978971385,125
593,593,39,600,1.25,200.0,0.0,4.954668234441895,212
594,594,39,600,1.5,50.0,0.0,17.34474811374126,62
595,595,39,600,1.5,100.0,0.0,10.142077198427756,77
596,596,39,600,1.5,200.0,0.0,7.505710766468454,119
597,597,39,600,2.0,50.0,0.0,28.76737335770815,26
598,598,39,600,2.0,100.0,0.0,18.92603616207821,33
599,599,39,600,2.0,200.0,0.0,12.35443004336364,63
600,600,40,600,1.0,50.0,54.76,0.005450576087573378,600
601,601,40,600,1.0,100.0,27.72,0.012739130765271334,600
602,602,40,600,1.0,200.0,60.0,-0.06280571008512315,600
603,603,40,600,1.05,50.0,0.0,0.8351591848161255,411
604,604,40,600,1.05,100.0,0.0,1.1848021603435233,524
605,605,40,600,1.05,200.0,1.96,1.4269813573677625,600
606,606,40,600,1.25,50.0,0.0,9.17032945746431,77
607,607,40,600,1.25,100.0,0.0,6.2659717525111125,168
608,608,40,600,1.25,200.0,0.0,5.219834423034686,282
609,609,40,600,1.5,50.0,0.0,16.496543266773244,56
610,610,40,600,1.5,100.0,0.0,9.486317032243441,101
611,611,40,600,1.5,200.0,0.0,7.591569621407812,142
612,612,40,600,2.0,50.0,0.0,29.027333882983765,26
613,613,40,600,2.0,100.0,0.0,18.495932640720504,42
614,614,40,600,2.0,200.0,0.0,11.705876951869154,98
615,615,41,600,1.0,50.0,45.0,0.007494620459558288,600
616,616,41,600,1.0,100.0,62.03999999999999,-0.031548726777197444,600
617,617,41,600,1.0,200.0,44.96,0.12297801512433093,600
618,618,41,600,1.05,50.0,0.0,0.6253937583885816,269
619,619,41,600,1.05,100.0,0.0,0.9751896323369369,485
620,620,41,600,1.05,200.0,1.08,1.059900684624715,600
621,621,41,600,1.25,50.0,0.0,9.261839270005435,82
622,622,41,600,1.25,100.0,0.0,6.718990364966759,132
623,623,41,600,1.25,200.0,0.0,5.458180754356567,234
624,624,41,600,1.5,50.0,0.0,16.379816226484532,68
625,625,41,600,1.5,100.0,0.0,9.934352509143284,82
626,626,41,600,1.5,200.0,0.0,8.105613808592516,102
627,627,41,600,2.0,50.0,0.0,30.099334651900644,25
628,628,41,600,2.0,100.0,0.0,19.01419983998952,35
629,629,41,600,2.0,200.0,0.0,12.15677159119215,84
630,630,42,600,1.0,50.0,52.52,-0.025289768666603152,600
631,631,42,600,1.0,100.0,43.919999999999995,-0.046906273516311714,600
632,632,42,600,1.0,200.0,45.440000000000005,-0.024547168333577396,600
633,633,42,600,1.05,50.0,0.0,1.0407919836003976,295
634,634,42,600,1.05,100.0,0.0,0.9840129719322244,470
635,635,42,600,1.05,200.0,3.6799999999999997,1.3420732351277942,600
636,636,42,600,1.25,50.0,0.0,9.784610116750336,75
637,637,42,600,1.25,100.0,0.0,6.245914941990327,144
638,638,42,600,1.25,200.0,0.0,5.212722229337463,234
639,639,42,600,1.5,50.0,0.0,18.832356064170565,35
640,640,42,600,1.5,100.0,0.0,10.68675467623268,75
641,641,42,600,1.5,200.0,0.0,7.469048579591265,120
642,642,42,600,2.0,50.0,0.0,29.405876736784176,25
643,643,42,600,2.0,100.0,0.0,18.748870617091985,35
644,644,42,600,2.0,200.0,0.0,11.991833049989031,64
645,645,43,600,1.0,50.0,67.24,-0.15302909694270284,600
646,646,43,600,1.0,100.0,43.08,-0.14271348545304985,600
647,647,43,600,1.0,200.0,42.04,0.057030953804870776,600
648,648,43,600,1.05,50.0,0.0,0.9397438870055286,301
649,649,43,600,1.05,100.0,0.0,0.7360349009897127,467
650,650,43,600,1.05,200.0,1.04,0.8504154464361591,600
651,651,43,600,1.25,50.0,0.0,9.161019198898101,95
652,652,43,600,1.25,100.0,0.0,6.472456996157161,95
653,653,43,600,1.25,200.0,0.0,4.922445730531155,173
654,654,43,600,1.5,50.0,0.0,16.867885950505222,37
655,655,43,600,1.5,100.0,0.0,10.519763670060867,62
656,656,43,600,1.5,200.0,0.0,7.506622367014016,98
657,657,43,600,2.0,50.0,0.0,28.416644816075266,31
658,658,43,600,2.0,100.0,0.0,17.757900834216876,33
659,659,43,600,2.0,200.0,0.0,12.332678869676272,75
660,660,44,600,1.0,50.0,75.56,-0.15415088377346287,600
661,661,44,600,1.0,100.0,66.32000000000001,0.01564007563708003,600
662,662,44,600,1.0,200.0,45.16,0.16862040829233038,600
663,663,44,600,1.05,50.0,0.0,0.7062686258581419,294
664,664,44,600,1.05,100.0,1.2,0.8066658876327848,600
665,665,44,600,1.05,200.0,2.52,1.3134715603635105,600
666,666,44,600,1.25,50.0,0.0,9.084128376810408,84
667,667,44,600,1.25,100.0,0.0,6.786761929263696,148
668,668,44,600,1.25,200.0,0.0,4.418537507792875,246
669,669,44,600,1.5,50.0,0.0,16.061129665790517,52
670,670,44,600,1.5,100.0,0.0,10.45407334319507,78
671,671,44,600,1.5,200.0,0.0,7.551738352027293,165
672,672,44,600,2.0,50.0,0.0,28.220568428146453,26
673,673,44,600,2.0,100.0,0.0,19.13023266346793,33
674,674,44,600,2.0,200.0,0.0,12.655912606748753,70
675,675,45,600,1.0,50.0,40.12,0.026978195824722828,600
676,676,45,600,1.0,100.0,45.879999999999995,-0.1594544045827817,600
677,677,45,600,1.0,200.0,51.72,-0.004901573509585866,600
678,678,45,600,1.05,50.0,0.0,0.5369210527793711,369
679,679,45,600,1.05,100.0,3.88,1.064925056400745,600
680,680,45,600,1.05,200.0,1.16,1.1617672758334696,600
681,681,45,600,1.25,50.0,0.0,9.220245887573665,83
682,682,45,600,1.25,100.0,0.0,6.621252748707884,136
683,683,45,600,1.25,200.0,0.0,5.066230688564666,207
684,684,45,600,1.5,50.0,0.0,17.86715912866518,39
685,685,45,600,1.5,100.0,0.0,10.222884157036328,82
686,686,45,600,1.5,200.0,0.0,7.244882698393029,135
687,687,45,600,2.0,50.0,0.0,28.61399592287962,35
688,688,45,600,2.0,100.0,0.0,18.754887191378124,52
689,689,45,600,2.0,200.0,0.0,12.638129120953556,55
690,690,46,600,1.0,50.0,58.76,-0.045322538967962345,600
691,691,46,600,1.0,100.0,66.56,-0.09014338430122226,600
692,692,46,600,1.0,200.0,60.08,-0.13074911080450669,600
693,693,46,600,1.05,50.0,0.0,0.8265315415453722,300
694,694,46,600,1.05,100.0,0.52,0.7839925785485646,600
695,695,46,600,1.05,200.0,0.24,1.548204653443308,600
696,696,46,600,1.25,50.0,0.0,8.742360781947145,119
697,697,46,600,1.25,100.0,0.0,6.7160300202861345,118
698,698,46,600,1.25,200.0,0.0,5.48931132406768,146
699,699,46,600,1.5,50.0,0.0,17.373330333724446,44
700,700,46,600,1.5,100.0,0.0,10.350660476604856,65
701,701,46,600,1.5,200.0,0.0,7.286552134256963,130
702,702,46,600,2.0,50.0,0.0,29.702560386648447,21
703,703,46,600,2.0,100.0,0.0,18.46728392280741,38
704,704,46,600,2.0,200.0,0.0,12.088399830281793,58
705,705,47,600,1.0,50.0,34.52,0.11827354161804138,600
706,706,47,600,1.0,100.0,37.24,0.05991593618823732,600
707,707,47,600,1.0,200.0,55.720000000000006,-0.17438101731037658,600
708,708,47,600,1.05,50.0,0.0,0.6205452979807791,374
709,709,47,600,1.05,100.0,1.52,0.713521586676813,600
710,710,47,600,1.05,200.0,0.4,1.3402508893610388,600
711,711,47,600,1.25,50.0,0.0,9.478728765009858,86
712,712,47,600,1.25,100.0,0.0,6.434140443727032,120
713,713,47,600,1.25,200.0,0.0,4.929985489294286,249
714,714,47,600,1.5,50.0,0.0,16.58282074166889,71
715,715,47,600,1.5,100.0,0.0,10.759705529670915,65
716,716,47,600,1.5,200.0,0.0,6.436561882007796,129
717,717,47,600,2.0,50.0,0.0,27.85830650970127,25
718,718,47,600,2.0,100.0,0.0,17.659051877054054,34
719,719,47,600,2.0,200.0,0.0,11.953014165800614,82
720,720,48,600,1.0,50.0,33.68,0.0781111274219981,600
721,721,48,600,1.0,100.0,45.36,-0.21753540281355122,600
722,722,48,600,1.0,200.0,58.84,-0.029280839316569995,600
723,723,48,600,1.05,50.0,0.0,1.011751721369858,195
724,724,48,600,1.05,100.0,2.48,0.7853292405370471,600
725,725,48,600,1.05,200.0,0.12,0.9137652809746322,600
726,726,48,600,1.25,50.0,0.0,8.551919320726553,103
727,727,48,600,1.25,100.0,0.0,6.0231510367140135,116
728,728,48,600,1.25,200.0,0.0,5.222532128553947,198
729,729,48,600,1.5,50.0,0.0,17.260651500891644,38
730,730,48,600,1.5,100.0,0.0,9.650563666830292,86
731,731,48,600,1.5,200.0,0.0,7.071803925774278,104
732,732,48,600,2.0,50.0,0.0,28.048208851344757,28
733,733,48,600,2.0,100.0,0.0,18.726783568434758,28
734,734,48,600,2.0,200.0,0.0,12.430005209244133,59
735,735,49,600,1.0,50.0,79.03999999999999,-0.2253434825404188,600
736,736,49,600,1.0,100.0,47.12,-0.023459912175538555,600
737,737,49,600,1.0,200.0,54.92,-0.005901701027655193,600
738,738,49,600,1.05,50.0,0.0,0.6009539556768639,341
739,739,49,600,1.05,100.0,1.16,0.7389341129927951,600
740,740,49,600,1.05,200.0,5.800000000000001,1.1689500792339103,600
741,741,49,600,1.25,50.0,0.0,9.766856263288892,90
742,742,49,600,1.25,100.0,0.0,5.929733422106997,127
743,743,49,600,1.25,200.0,0.0,4.6441526854027355,196
744,744,49,600,1.5,50.0,0.0,17.818693083453464,41
745,745,49,600,1.5,100.0,0.0,10.183462031105728,83
746,746,49,600,1.5,200.0,0.0,6.789567324516776,102
747,747,49,600,2.0,50.0,0.0,28.78138152996219,34
748,748,49,600,2.0,100.0,0.0,19.150161538887623,34
749,749,49,600,2.0,200.0,0.0,12.962908067448453,52
